title,link
Weekend Overnight Counselor in Substance Abuse Facility,/sfc/npo/5931143270.html
Property Manager (Supportive Housing),/sfc/npo/5931006539.html
Support Service Manager,/sfc/npo/5931005241.html
Housing Planning Specialist - New Roads,/sfc/npo/5931004299.html
Transitional Housing Program Manager,/sfc/npo/5931003643.html
DESK CLERK - $14.24/hour Supportive Housing,/sfc/npo/5931002201.html
Case Manager ($20.18 M-F),/sfc/npo/5931001833.html
COMMUNITY ORGANIZER-CCSRO,/sfc/npo/5930997424.html
Director of Finance and Administration,/sfc/npo/5930955673.html
Development and Communications Coordinator,/sfc/npo/5930940119.html
Client Contact Center Associate @ San Francisco SPCA- Multiple Roles,/sfc/npo/5930895250.html
Translator - Bilingual in Vietnamese and English,/sfc/npo/5930861567.html
Personal Attendant - San Rafael & Surrounding Marin County Areas,/sfc/npo/5930765294.html
Turn staff into leaders. Inspire campers. Be a Program Director.,/sfc/npo/5930203728.html
Clinician - Provide Therapeutic Behavioral Services to youth!,/sfc/npo/5930165480.html
"Registered Dietitian I, Bilingual",/sfc/npo/5930140553.html
Cook I,/sfc/npo/5930132539.html
Assistant Director -- Shrader House,/sfc/npo/5930112737.html
Assistant Director - La Amistad,/sfc/npo/5930110987.html
Caregiver Resource Specialist - Full Time,/sfc/npo/5930105687.html
Executive Assistant,/sfc/npo/5930055508.html
Medical Respite Driver,/sfc/npo/5929864106.html
Medical Respite Worker,/sfc/npo/5929858900.html
Mental Health Specialist,/sfc/npo/5929787097.html
Substance Abuse Counselor,/sfc/npo/5929775656.html
Bilingual Peer Service Advocate,/sfc/npo/5929697933.html
COUNSELOR/JOB COACH - Developmentally Disabled Adults,/sfc/npo/5929616041.html
Recruitment/Intake Coordinator,/sfc/npo/5929612477.html
"Desk Clerk - 430 Turk, weekend(12am - 8am)",/sfc/npo/5929572639.html
Social Services Coordinator,/sfc/npo/5928914919.html
Transitional Aged Youth Program Manager at Community Works West,/sfc/npo/5928864173.html
Director of Healthy Living at the Stonestown Y,/sfc/npo/5928837619.html
"Wellness Coaches, Personal Trainers and Group Exercise Instructors",/sfc/npo/5927609514.html
ROCK Technology Assistant,/sfc/npo/5928652512.html
ROCK Cooking Assistant,/sfc/npo/5928649774.html
R.O.C.K. Recreation Assistant,/sfc/npo/5928646934.html
DIRECTOR OF PROGRAMS/R.O.C.K. BEACON DIRECTOR,/sfc/npo/5928606817.html
Sr. Administrative Assistant/Event Coordinator,/sfc/npo/5928491091.html
VOCATIONAL SKILLS INSTRUCTOR - Developmentally Disabled Adults,/sfc/npo/5928270429.html
MANAGING ATTORNEY,/sfc/npo/5927764503.html
Senior Case Manager I or II,/sfc/npo/5927579234.html
Bilingual Wraparound Clinician - Support youth in the SF community!,/sfc/npo/5927572779.html
Program Assistant/Health Information Specialist - Admin Support!,/sfc/npo/5927570961.html
Bilingual Spanish or Cantonese Speaking Case Manager I or II,/sfc/npo/5927570802.html
Case Manager I & II,/sfc/npo/5927568500.html
On-Call Monitor - Women's Hope,/sfc/npo/5927528893.html
Care Coordinator-Women's Hope,/sfc/npo/5927380705.html
Policy Associate,/sfc/npo/5927306647.html
Aquatics Customer Service Representative - Weekends,/sfc/npo/5927276155.html
School Based Mental Health Clinician,/sfc/npo/5927220421.html
COMMUNITY ORGANIZER-CCSRO,/sfc/npo/5927201330.html
COUNSELOR/JOB COACH- Developmentally Disabled Adults,/sfc/npo/5926974227.html
Legal Internship- LGBTQ Immigration Project at NCLR,/sfc/npo/5926347649.html
Development Database Manager at a Leading LGBTQ Org,/sfc/npo/5926299630.html
Receptionist-On Call & Weekends,/sfc/npo/5926228867.html
Case Manager,/sfc/npo/5926210593.html
Director of Strategic Communications,/sfc/npo/5926201790.html
Maintenance Technician,/sfc/npo/5926196830.html
Community Organizer,/sfc/npo/5926195322.html
DIRECTOR OF PROGRAMS/R.O.C.K. BEACON DIRECTOR,/sfc/npo/5926093625.html
Head Start Education Coach & PD Specialist,/sfc/npo/5926068543.html
Employment Consultant (Lead),/sfc/npo/5926042044.html
Family Support Coordinator (English and Cantonese Bilingual),/sfc/npo/5925978665.html
✲ Your Career After Graduation: Direct a Campaign to Save the Bees✲,/sfc/npo/5925926003.html
"Bilingual Caseworker, Spanish/ English",/sfc/npo/5925802671.html
Health Promotion Program Assistant (Fitness Instructor),/sfc/npo/5925759152.html
Community Health Youth Intern,/sfc/npo/5925726145.html
UP ON TOP AFTER-SCHOOL PROGRAM is hiring!,/sfc/npo/5925548079.html
Administrative Assistant I,/sfc/npo/5925496953.html
African Language Consultant -- SIREN Project,/sfc/npo/5925490591.html
Become a Certified Teacher in San Francisco. Apply by January 16th!,/sfc/npo/5925293100.html
A/V TECHNICIANS WANTED,/sfc/npo/5924594744.html
"tax prep quarterly payroll and 1099, w-2 help wanted",/sfc/npo/5924593442.html
Overnight Residential Counselor - Shelter Program,/sfc/npo/5922630829.html
Residential Counselor - Swing Shift,/sfc/npo/5922627606.html
Case Manager (bilingual Spanish required),/sfc/npo/5922621288.html
Heading Home Campaign Director,/sfc/npo/5922611289.html
Clinician - Provide Therapeutic Behavioral Services to youth!,/sfc/npo/5922494714.html
Family Advocate at a Non-Profit Organization,/sfc/npo/5922493609.html
Support Service Manager,/sfc/npo/5922465239.html
Transitional Housing Program Manager,/sfc/npo/5922464860.html
Property Manager (Supportive Housing),/sfc/npo/5922464463.html
Housing Planning Specialist - New Roads,/sfc/npo/5922463738.html
Case Manager ($20.18 M-F),/sfc/npo/5922462879.html
COMMUNITY ORGANIZER-CCSRO,/sfc/npo/5922462573.html
Social Worker II- Franciscan Building,/sfc/npo/5922439972.html
Join an Educational Movement! Be a Summer Program Director at Galileo,/sfc/npo/5922421732.html
AOD Counselor-FOTEP TI,/sfc/npo/5922411380.html
Case Manager-FOTEP TI,/sfc/npo/5922410838.html
Child Development Specialist- FOTEP TI,/sfc/npo/5922410466.html
CBT Facilitator - FOTEP TI,/sfc/npo/5922409991.html
Playworks AmeriCorps Member (mid-year),/sfc/npo/5922408023.html
Maintenance I- Antonia Manor (Full Time),/sfc/npo/5922370494.html
After-School Program Supervisor,/sfc/npo/5922359699.html
Bay Area Resilient by Design Challenge - Executive Director,/sfc/npo/5922358458.html
Bay Area Resilient By Design Challenge - Competition Director,/sfc/npo/5922356894.html
Community Organizer,/sfc/npo/5922341321.html
Janitor - Full-time,/sfc/npo/5922215910.html
Employment and Education Specialist,/sfc/npo/5922047900.html
DESK CLERK - $14.24/hour Supportive Housing,/sfc/npo/5921980887.html
